entry_date,exit_date,expiry_date,strategy,regime,spot_entry,vix_entry,lots,pnl,pnl_pct,outcome,max_profit,max_loss
2019-02-04,2019-02-05,2019-02-07,iron_condor,normal,10747.454324998902,23.511804587970058,15,8268.75,0.8269,profit,12.62,437.38
2019-02-18,2019-02-20,2019-02-21,iron_condor,normal,10753.560968532765,24.258285631630308,15,14590.42,1.4471,profit,14.58,435.42
2019-03-04,2019-03-06,2019-03-07,iron_condor,normal,10397.1742479698,24.226922825127073,15,7698.9,0.7527,profit,12.44,437.56
2019-03-11,2019-03-12,2019-03-14,iron_condor,low_vol,10301.120485229296,25.293353385472287,15,9742.5,0.9454,profit,14.47,435.53
2019-03-18,2019-03-19,2019-03-21,iron_condor,normal,10396.538720223409,25.336420651073198,15,13969.97,1.3429,profit,15.12,434.88
2019-03-25,2019-03-26,2019-03-28,iron_condor,low_vol,10507.51729528269,21.1945298504484,15,13736.25,1.3029,profit,20.96,329.04
2019-04-01,2019-04-03,2019-04-04,iron_condor,normal,10362.388485068903,22.151409685305786,15,8535.56,0.7992,profit,10.6,439.4
2019-04-08,2019-04-09,2019-04-11,iron_condor,low_vol,10545.662490931367,18.58773467371831,15,-2940.45,-0.2731,loss,12.83,337.17
2019-04-15,2019-04-17,2019-04-18,iron_condor,normal,10635.604741911666,22.23744208000288,15,8824.99,0.822,profit,12.34,437.66
2019-04-22,2019-04-23,2019-04-25,iron_condor,low_vol,10557.832801847993,23.16185391821132,15,6963.75,0.6433,profit,10.99,439.01
2019-04-29,2019-05-01,2019-05-02,iron_condor,normal,10606.11130845538,20.823729683213703,15,15794.82,1.4499,profit,20.33,329.67
2019-05-06,2019-05-07,2019-05-09,iron_condor,low_vol,10689.892190621473,23.463761290391364,15,7526.25,0.681,profit,12.19,437.81
2019-05-13,2019-05-15,2019-05-16,iron_condor,normal,10686.56903752258,19.258628530572256,15,20355.2,1.8293,profit,15.6,334.4
2019-05-20,2019-05-23,2019-05-23,iron_condor,low_vol,10620.464312561347,19.933334025995915,15,17533.41,1.5474,profit,17.95,332.05
2019-05-27,2019-05-30,2019-05-30,iron_condor,normal,10395.886314479314,19.681253380706075,15,-3722.12,-0.3235,loss,15.21,334.79
2019-06-03,2019-06-04,2019-06-06,short_straddle,low_vol,10631.353580420155,14.078983433634901,4,-19096.93,-1.6651,loss,108.83,
2019-06-10,2019-06-12,2019-06-13,iron_condor,normal,10687.822881516538,16.697542571182744,15,25006.47,2.2173,profit,23.47,326.53
2019-06-24,2019-06-25,2019-06-27,iron_condor,normal,10858.208511145673,16.323211671692402,13,-13556.28,-1.176,loss,16.68,333.32
2019-07-01,2019-07-04,2019-07-04,iron_condor,low_vol,10903.015423238012,17.537289333599148,13,3455.71,0.3033,profit,16.07,333.93
2019-07-08,2019-07-10,2019-07-11,iron_condor,normal,10684.737148398606,19.700708949082966,15,28370.18,2.4828,profit,17.01,332.99
2019-07-15,2019-07-18,2019-07-18,iron_condor,low_vol,10712.415559817806,20.424363308181537,15,37296.05,3.1848,profit,19.84,330.16
2019-07-22,2019-07-24,2019-07-25,iron_condor,normal,10768.160292364808,22.841060616275616,15,20303.29,1.6802,profit,14.39,435.61
2019-07-29,2019-07-31,2019-08-01,iron_condor,low_vol,10716.053613711405,20.715304128237232,15,13848.75,1.1271,profit,15.81,334.19
2019-08-05,2019-08-06,2019-08-08,iron_condor,normal,10777.568099924478,19.180806780847686,15,18100.06,1.4567,profit,21.0,329.0
2019-08-12,2019-08-14,2019-08-15,iron_condor,low_vol,10892.683770700763,18.572711049665333,15,23148.17,1.8363,profit,14.55,335.45
2019-08-19,2019-08-21,2019-08-22,iron_condor,normal,11010.958731564328,17.147165152663728,15,-8554.47,-0.6664,loss,15.15,334.85
2019-08-26,2019-08-29,2019-08-29,iron_condor,low_vol,11216.570976885467,17.69961077825929,15,7438.98,0.5834,profit,18.17,331.83
2019-09-02,2019-09-04,2019-09-05,iron_condor,normal,11144.763694891979,19.864830233986414,15,7175.34,0.5594,profit,20.36,329.64
2019-09-09,2019-09-11,2019-09-12,iron_condor,low_vol,11579.676460114151,17.71281750595233,15,28815.35,2.2341,profit,20.49,329.51
2019-09-16,2019-09-18,2019-09-19,iron_condor,normal,11516.091584141115,19.095435714421868,15,6863.71,0.5205,profit,15.23,334.77
2019-09-23,2019-09-25,2019-09-26,iron_condor,low_vol,11435.220293693774,19.007382187806975,15,24171.05,1.8236,profit,19.12,330.88
2019-09-30,2019-10-02,2019-10-03,iron_condor,normal,11423.676600896193,16.646102054489674,15,35073.17,2.5987,profit,27.85,322.15
2019-10-07,2019-10-10,2019-10-10,iron_condor,low_vol,11327.829277972105,16.544197053885657,15,-22870.03,-1.6516,loss,26.59,273.41
2019-10-14,2019-10-16,2019-10-17,iron_condor,normal,11499.758788768924,19.54045704866538,15,28425.97,2.0873,profit,21.49,328.51
2019-10-28,2019-10-30,2019-10-31,iron_condor,normal,12224.536904033504,14.765070398811936,10,23636.91,1.7001,profit,23.87,326.13
2019-11-04,2019-11-05,2019-11-07,iron_condor,low_vol,12193.2325749802,15.756857464255114,13,36287.46,2.5664,profit,21.53,278.47
2019-11-11,2019-11-13,2019-11-14,iron_condor,normal,12134.749582792972,18.75670704784296,13,16359.74,1.1281,profit,17.63,332.37
2019-11-18,2019-11-20,2019-11-21,iron_condor,low_vol,12167.33452660477,18.59875038096854,15,16518.65,1.1263,profit,17.02,332.98
2019-11-25,2019-11-28,2019-11-28,iron_condor,normal,12291.114276840666,20.152508462016716,15,34790.84,2.3458,profit,18.71,331.29
2019-12-02,2019-12-04,2019-12-05,iron_condor,low_vol,12226.32596114688,21.32581142549849,15,15849.18,1.0442,profit,18.1,331.9
2019-12-09,2019-12-11,2019-12-12,iron_condor,normal,12187.40055197788,22.9895850547937,15,11643.75,0.7592,profit,12.5,437.5
2019-12-16,2019-12-18,2019-12-19,iron_condor,low_vol,12281.97864166696,20.317824014986353,15,31960.29,2.0681,profit,19.32,330.68
2019-12-23,2019-12-25,2019-12-26,iron_condor,normal,12432.106075096137,19.451038953208123,15,23506.17,1.4902,profit,21.89,328.11
2019-12-30,2020-01-01,2020-01-02,iron_condor,low_vol,12584.185734163044,18.778937989896612,15,-4862.66,-0.3038,loss,20.23,329.77
2020-01-06,2020-01-08,2020-01-09,iron_condor,normal,12100.060056404061,19.849314275277145,13,34452.48,2.1587,profit,16.66,333.34
2020-01-13,2020-01-15,2020-01-16,iron_condor,low_vol,12005.320339911927,22.061989236163807,15,32804.47,2.012,profit,15.58,434.42
2020-01-20,2020-01-22,2020-01-23,iron_condor,normal,12051.899810014207,20.39552388803679,15,16902.01,1.0162,profit,18.24,331.76
2020-01-27,2020-01-28,2020-01-30,iron_condor,low_vol,12057.404207560745,17.8405348305514,13,-6137.36,-0.3653,loss,18.55,331.45
2020-02-03,2020-02-05,2020-02-06,iron_condor,normal,12387.397186344684,15.13540822991981,13,6967.23,0.4162,profit,20.01,329.99
2020-02-10,2020-02-12,2020-02-13,iron_condor,low_vol,12243.81560597538,13.572492808727898,10,6688.27,0.3979,profit,19.1,280.9
2020-02-17,2020-02-19,2020-02-20,iron_condor,normal,12265.223658851159,17.012046729651285,15,21145.3,1.2529,profit,16.84,333.16
2020-02-24,2020-02-27,2020-02-27,iron_condor,low_vol,12477.642837017562,15.503282220162196,15,38978.39,2.281,profit,22.29,277.71
2020-03-02,2020-03-05,2020-03-05,iron_condor,normal,12502.43232464844,16.829371542769394,15,37675.02,2.1556,profit,28.86,321.14
2020-03-09,2020-03-11,2020-03-12,iron_condor,low_vol,12641.495410078005,15.575604328433592,15,9245.06,0.5178,profit,23.28,276.72
2020-03-16,2020-03-18,2020-03-19,iron_condor,normal,13043.418890965371,14.503801202219483,15,17825.13,0.9932,profit,20.58,329.42
2020-03-23,2020-03-25,2020-03-26,short_straddle,low_vol,13132.627669998677,12.870020487685732,8,34068.29,1.8796,profit,122.59,
2020-03-30,2020-04-02,2020-04-02,iron_condor,normal,13259.840422352596,13.287885362580699,15,66433.84,3.5976,profit,22.18,327.82
2020-04-06,2020-04-08,2020-04-09,iron_condor,low_vol,13492.704744542141,17.173177084332345,15,22807.68,1.1922,profit,19.13,330.87
2020-04-13,2020-04-15,2020-04-16,iron_condor,normal,13470.206216030345,20.424328503768724,15,15325.25,0.7917,profit,22.08,327.92
2020-04-20,2020-04-22,2020-04-23,iron_condor,low_vol,13355.657703833318,17.910593542366527,15,16964.53,0.8695,profit,16.49,333.51
2020-04-27,2020-04-30,2020-04-30,iron_condor,normal,13255.421967261054,17.8762221572155,15,-124.44,-0.0063,loss,20.31,329.69
2020-05-04,2020-05-07,2020-05-07,iron_condor,low_vol,12934.671348934597,21.45411268151159,15,-9594.75,-0.4875,loss,22.96,327.04
2020-05-11,2020-05-14,2020-05-14,iron_condor,normal,13209.361350803714,16.389127746589526,15,21714.96,1.1088,profit,24.46,325.54
2020-05-18,2020-05-21,2020-05-21,iron_condor,low_vol,13060.501968759354,18.981853067585774,15,6928.82,0.3499,profit,19.01,330.99
2020-05-25,2020-05-27,2020-05-28,iron_condor,normal,13395.479814380396,17.81543861930657,15,16355.47,0.8231,profit,16.21,333.79
2020-06-01,2020-06-02,2020-06-04,iron_condor,low_vol,13342.433700798487,19.414977432472583,15,14321.25,0.7148,profit,22.06,327.94
2020-06-08,2020-06-10,2020-06-11,iron_condor,normal,13898.45600497874,16.094089375480472,15,31541.48,1.5632,profit,21.15,328.85
2020-06-15,2020-06-18,2020-06-18,iron_condor,low_vol,14108.555102335544,15.56182164308216,15,-218080.25,-10.6418,loss,25.3,274.7
2020-06-22,2020-06-24,2020-06-25,iron_condor,normal,13633.304332165133,18.99078381814569,8,11040.0,0.6029,profit,22.07,327.93
2020-06-29,2020-07-01,2020-07-02,iron_condor,low_vol,13952.001402282141,18.291115553313755,6,11785.65,0.6397,profit,20.97,329.03
2020-07-06,2020-07-09,2020-07-09,iron_condor,normal,14121.681821729018,19.52173555606859,12,50650.04,2.7319,profit,22.25,327.75
2020-07-13,2020-07-15,2020-07-16,iron_condor,low_vol,14186.92913587827,24.589571220248644,14,6763.94,0.3551,profit,18.38,431.62
2020-07-20,2020-07-22,2020-07-23,iron_condor,normal,13944.860585578315,22.756777956436437,14,20534.61,1.0743,profit,14.45,435.55
2020-07-27,2020-07-29,2020-07-30,iron_condor,low_vol,13983.131088292641,17.438049636530163,12,32247.7,1.6692,profit,22.57,327.43
2020-08-03,2020-08-05,2020-08-06,iron_condor,normal,13980.78678605659,21.917333620234935,15,30019.83,1.5283,profit,22.07,327.93
2020-08-10,2020-08-11,2020-08-13,iron_condor,low_vol,14246.745172462408,20.485220731394733,15,-184894.38,-9.2715,loss,22.32,327.68
2020-08-17,2020-08-19,2020-08-20,iron_condor,normal,15133.3000805858,21.71417079850598,8,35698.21,1.973,profit,28.3,321.7
2020-08-24,2020-08-26,2020-08-27,iron_condor,high_vol,15224.421358331929,23.789166083664185,10,-101152.24,-5.4824,loss,15.1,434.9
2020-08-31,2020-09-01,2020-09-03,iron_condor,high_vol,15030.252515180871,24.41156822923794,6,21294.03,1.2211,profit,16.08,433.92
2020-09-28,2020-09-30,2020-10-01,iron_condor,low_vol,14108.37829670095,25.154861961934095,8,7278.0,0.4123,profit,16.54,433.46
2020-11-23,2020-11-25,2020-11-26,iron_condor,high_vol,14273.02050473904,24.953938267554317,6,6925.5,0.3907,profit,19.88,430.12
2020-12-21,2020-12-24,2020-12-24,iron_condor,low_vol,13445.590860065728,22.836959164893557,8,12637.65,0.7102,profit,15.67,434.33
2020-12-28,2020-12-31,2020-12-31,iron_condor,normal,13640.530604039734,21.666929568154455,8,17806.98,0.9937,profit,23.35,326.65
2021-02-22,2021-02-24,2021-02-25,iron_condor,normal,12215.890418313216,22.777333116142064,8,-47259.96,-2.6113,loss,15.2,434.8
2021-03-01,2021-03-04,2021-03-04,iron_condor,low_vol,12819.209936159335,22.751613169087843,10,-68182.74,-3.8684,loss,15.39,434.61
2021-03-15,2021-03-18,2021-03-18,iron_condor,high_vol,12423.601377060428,25.255532393616775,8,21885.23,1.2916,profit,16.8,433.2
2021-03-29,2021-03-30,2021-04-01,iron_condor,high_vol,12672.44812288771,25.739777819032845,6,4743.0,0.2764,profit,16.77,433.23
2021-04-12,2021-04-13,2021-04-15,iron_condor,normal,12764.359324220333,24.34338663874281,8,5748.0,0.334,profit,16.07,433.93
2021-04-19,2021-04-21,2021-04-22,iron_condor,low_vol,12522.70329550589,19.939546957695757,8,21475.0,1.2437,profit,24.29,325.71
2021-04-26,2021-04-27,2021-04-29,iron_condor,normal,12899.356652609033,18.46178107247807,8,29050.72,1.6617,profit,16.11,333.89
2021-05-10,2021-05-11,2021-05-13,iron_condor,high_vol,13203.409843471081,23.10556420771281,5,3093.75,0.1741,profit,14.87,435.13
2021-05-24,2021-05-27,2021-05-27,iron_condor,high_vol,14205.385601204905,24.545678100700396,6,4373.1,0.2456,profit,15.24,434.76
2021-05-31,2021-06-02,2021-06-03,iron_condor,normal,14151.254738565542,25.830402448064444,8,45774.81,2.5648,profit,18.72,431.28
2021-07-12,2021-07-14,2021-07-15,iron_condor,high_vol,13643.728494614856,24.010141883450903,5,3348.75,0.1829,profit,16.65,433.35
2021-08-23,2021-08-24,2021-08-26,iron_condor,high_vol,13177.992691369003,24.92877366811604,6,3564.0,0.1943,profit,13.96,436.04
2021-08-30,2021-09-01,2021-09-02,iron_condor,low_vol,13338.294660000089,22.714189443095233,8,7254.0,0.3948,profit,14.61,435.39
2021-09-06,2021-09-08,2021-09-09,iron_condor,normal,13284.649097017498,24.274828801384523,14,24616.7,1.3345,profit,15.53,434.47
2021-10-04,2021-10-05,2021-10-07,iron_condor,high_vol,13133.356203755819,22.051046376875146,10,-7289.67,-0.39,loss,14.55,435.45
2021-10-11,2021-10-12,2021-10-14,iron_condor,high_vol,12883.140216581865,24.246610204366625,10,8002.5,0.4298,profit,16.59,433.41
2021-10-18,2021-10-19,2021-10-21,iron_condor,low_vol,12738.455429506716,25.261163590480574,14,8568.0,0.4582,profit,15.37,434.63
2021-10-25,2021-10-27,2021-10-28,iron_condor,normal,12608.016907906796,24.51525529326561,14,9652.84,0.5138,profit,15.72,434.28
2021-11-01,2021-11-03,2021-11-04,iron_condor,low_vol,13272.72636788687,22.688174541284713,10,-135588.15,-7.1806,loss,14.0,436.0
2021-12-20,2021-12-23,2021-12-23,iron_condor,high_vol,13611.325996114832,24.95569674980474,6,-7283.92,-0.4156,loss,16.17,433.83
2022-01-24,2022-01-26,2022-01-27,iron_condor,normal,13617.691128007677,24.89868408285621,10,15194.33,0.8705,profit,16.05,433.95
2022-01-31,2022-02-01,2022-02-03,iron_condor,low_vol,13580.925646758944,23.77138263282737,10,6510.0,0.3698,profit,15.63,434.37
2022-02-07,2022-02-09,2022-02-10,iron_condor,normal,13570.973431794471,25.34459546906245,10,10410.0,0.5891,profit,17.11,432.89
2022-02-14,2022-02-16,2022-02-17,iron_condor,low_vol,13911.995118501987,24.965953990862015,10,25505.28,1.4349,profit,17.83,432.17
2022-02-21,2022-02-23,2022-02-24,iron_condor,normal,14064.079750637038,22.988027179280795,10,7852.5,0.4355,profit,15.96,434.04
2022-02-28,2022-03-02,2022-03-03,iron_condor,high_vol,14472.172092764991,20.404089158519344,6,-90184.95,-4.9803,loss,24.41,425.59
2022-03-07,2022-03-10,2022-03-10,iron_condor,low_vol,14795.412305321363,23.188780893459832,6,-41884.2,-2.4342,loss,17.29,432.71
2023-11-27,2023-11-29,2023-11-30,iron_condor,low_vol,32818.4818209814,19.84096920682334,3,7465.5,0.4447,profit,39.48,310.52
2023-12-04,2023-12-06,2023-12-07,iron_condor,normal,33205.85512149287,21.379689551591607,6,-97496.4,-5.7819,loss,40.56,309.44
2023-12-25,2023-12-26,2023-12-28,iron_condor,high_vol,33027.14340795951,25.257771219736366,3,4106.25,0.2585,profit,30.71,419.29
2024-01-01,2024-01-03,2024-01-04,iron_condor,high_vol,33066.391205723994,25.215461671796785,3,6516.0,0.4091,profit,33.02,416.98
2024-01-08,2024-01-10,2024-01-11,iron_condor,low_vol,33388.96538661964,20.269594554012265,4,8064.0,0.5042,profit,40.94,309.06
2024-01-15,2024-01-17,2024-01-18,iron_condor,normal,34515.353287980266,18.00375460427704,4,-79081.21,-4.9197,loss,40.58,309.42
2024-01-22,2024-01-23,2024-01-25,iron_condor,low_vol,33246.320507369426,25.578462558051637,5,7087.5,0.4637,profit,30.81,419.19
2024-02-12,2024-02-14,2024-02-15,iron_condor,normal,34046.92577793294,22.50657501841641,3,5841.0,0.3804,profit,32.11,417.89
2024-02-19,2024-02-21,2024-02-22,iron_condor,low_vol,33550.35635479125,21.682471642574118,4,12159.0,0.7889,profit,43.61,306.39
2024-03-04,2024-03-06,2024-03-07,iron_condor,low_vol,32945.14021453486,25.759168875891056,4,-8003.91,-0.5152,loss,32.93,417.07
2024-04-29,2024-05-01,2024-05-02,iron_condor,high_vol,32908.526291511975,22.288175675714974,2,3943.5,0.2552,profit,29.3,420.7
2024-05-06,2024-05-08,2024-05-09,iron_condor,high_vol,33564.95129960635,23.08109233169161,3,4815.0,0.3108,profit,30.98,419.02
2024-05-13,2024-05-15,2024-05-16,iron_condor,high_vol,33030.50408120749,23.982114015923713,3,6304.5,0.4056,profit,31.27,418.73
2024-05-20,2024-05-23,2024-05-23,iron_condor,normal,34005.448028323626,23.73839634856958,4,52254.19,3.3486,profit,33.69,416.31
2024-06-03,2024-06-05,2024-06-06,iron_condor,high_vol,35166.540785144985,23.49415403744306,3,4293.0,0.2662,profit,31.9,418.1
2024-06-10,2024-06-13,2024-06-13,iron_condor,low_vol,36575.60423371634,23.928966277025896,4,9051.0,0.5597,profit,32.17,417.83
2024-07-08,2024-07-11,2024-07-11,iron_condor,low_vol,37691.67482394418,24.50601439476854,4,1559.24,0.0959,profit,34.68,415.32
2024-07-29,2024-08-01,2024-08-01,iron_condor,high_vol,41144.51360651737,22.518558289253612,4,35192.33,2.1622,profit,32.81,417.19
2024-08-05,2024-08-06,2024-08-08,iron_condor,high_vol,41855.83220739776,22.551350188285333,3,5582.25,0.3357,profit,35.24,414.76
2024-10-07,2024-10-09,2024-10-10,iron_condor,high_vol,46073.534106836756,24.77390937124622,2,5130.0,0.3075,profit,38.02,411.98
2024-10-14,2024-10-17,2024-10-17,iron_condor,high_vol,47635.018912479,20.15729424311918,2,8160.0,0.4876,profit,56.41,393.59
2024-10-21,2024-10-24,2024-10-24,iron_condor,high_vol,45612.45575473421,25.682958482299924,8,-6312.68,-0.3754,loss,37.74,412.26
2024-10-28,2024-10-31,2024-10-31,iron_condor,low_vol,47205.40305503328,25.982040120001678,4,10965.0,0.6545,profit,38.55,411.45
2025-01-06,2025-01-08,2025-01-09,iron_condor,low_vol,45908.455401952924,25.290485670762727,8,18942.0,1.1232,profit,38.47,411.53
2025-01-27,2025-01-29,2025-01-30,iron_condor,normal,45012.25145479488,22.810642729101684,8,14484.0,0.8493,profit,35.66,414.34
2025-02-03,2025-02-05,2025-02-06,iron_condor,low_vol,44979.62711869753,23.691773945886155,8,-226998.76,-13.1992,loss,36.61,413.39
2025-04-28,2025-05-01,2025-05-01,iron_condor,high_vol,50117.32377773541,20.090768597259302,2,8409.0,0.5633,profit,58.06,391.94
2025-05-05,2025-05-07,2025-05-08,iron_condor,high_vol,50838.558495244026,20.41743692408381,2,7641.0,0.509,profit,57.26,392.74
2025-05-12,2025-05-15,2025-05-15,iron_condor,low_vol,51710.03636998899,21.792336653518724,3,10892.25,0.7219,profit,50.41,299.59
